risk_score,severity
0.0027752594862078105,LOW
0.27874937886982487,LOW
0.17331448256094475,LOW
0.40884730238585804,MEDIUM
0.4626825240299843,MEDIUM
1.0,HIGH
